<?xml version="1.0" encoding="UTF-8" ?>
<!DOCTYPE struts PUBLIC
        "-//Apache Software Foundation//DTD Struts Configuration 2.3//EN"
        "http://struts.apache.org/dtds/struts-2.3.dtd">
<struts>
    <package name="api" extends="struts-default" namespace="/api">
        <default-action-ref name="index" />

        <!--删除记录-->
        <action name="deleteRecord" class="xjtu.web.action.IndexAction" method="deleteRecord">
            <result type="stream">
                <param name="contentType">text/plain</param>
                <param name="inputName">inputStream</param>
            </result>
        </action>
        <!--添加记录-->
        <action name="addRecord" class="xjtu.web.action.IndexAction" method="addRecord">
            <result type="stream">
                <param name="contentType">text/plain</param>
                <param name="inputName">inputStream</param>
            </result>
        </action>
    </package>
</struts>
