<?xml version="1.0" encoding="UTF-8" ?>
<!DOCTYPE struts PUBLIC
        "-//Apache Software Foundation//DTD Struts Configuration 2.3//EN"
        "http://struts.apache.org/dtds/struts-2.3.dtd">
<struts>
    <package name="detail" extends="struts-default" namespace="/detail">
        <default-action-ref name="index" />

        <action name="index" class="xjtu.web.action.DetailAction" method="index">
            <result>/jsp/detail.jsp</result>
        </action>
        <action name="modify" class="xjtu.web.action.DetailAction" method="modify">
            <result type="stream">
                <param name="contentType">text/plain</param>
                <param name="inputName">inputStream</param>
            </result>
        </action>
    </package>
</struts>
